{
    "used_feature" : [
        "ARDS",
        "是否为septic shock",
        "年龄",
        "性别",
        "病人来源",
        "身高",
        "体重",
        "BMI",
        "结核病史",
        "哮喘病史",
        "COPD病史",
        "肺纤维化病史",
        "肺部肿瘤",
        "冠心病",
        "PCI术史",
        "慢性心功能不全",
        "高血压病史",
        "糖尿病",
        "恶性实体肿瘤",
        "血液肿瘤",
        "ca",
        "肝硬化",
        "肝性脑病",
        "慢性肾功能不全",
        "透析治疗",
        "免疫控制状态",
        "ApacheII分值",
        "体温",
        "呼吸频率",
        "心率",
        "血压MAP",
        "A-ado2",
        "PaO2",
        "动脉血PH",
        "血清钠（mmol/L）",
        "血清钾（mmol/L）",
        "血肌酐（mmol/L）",
        "是否存在急性肾衰",
        "红细胞压积（%）",
        "白细胞计数（10^9/L）",
        "慢性器官功能衰竭",
        "语言评分",
        "肢体运动评分",
        "睁眼反应评分",
        "SOFA分值",
        "SOFA_氧合指数",
        "SOFA_氧合指数分值",
        "abres",
        "SOFA_血小板",
        "血小板分值",
        "abhemat",
        "SOFA_平均动脉压",
        "SOFA_多巴胺",
        "SOFA_肾上腺素",
        "SOFA_去甲肾上腺素",
        "SOFA_多巴酚丁胺",
        "血管活性药分值",
        "abcircu",
        "SOFA_总胆红素",
        "SOFA_游离胆红素",
        "SOFA_结合胆红素",
        "总胆红素分值",
        "abliver",
        "SOFA_肌酐",
        "SOFA_尿量",
        "肾分值",
        "abkid",
        "GCS评分",
        "GCS分值",
        "abcns",
        "呼吸系统得分",
        "肝功能得分",
        "肾功能得分",
        "SOFA增加值",
        "第一份乳酸",
        "入科后收缩压",
        "入科后舒张压",
        "hlaearly",
        "nkearly",
        "per_nkearly",
        "是否使用CRRT",
        "wbcearly",
        "per_neuearly",
        "per_lymearly",
        "per_monoearly",
        "neuearly",
        "lymearly",
        "monoearly",
        "death_label"
    ],
    "one_hot_decoding" : {
        "基础疾病1": [
            "结核病史",
            "哮喘病史",
            "COPD病史",
            "肺纤维化病史",
            "PCI术史",
            "高血压病史"
        ],
        "基础疾病2": [
            "肝硬化",
            "肝性脑病",
            "糖尿病",
            "冠心病"
        ],
        "慢性功能不全" : [
            "慢性心功能不全",
            "慢性肾功能不全",
            "慢性器官功能衰竭"
        ],
        "肿瘤": [
            "恶性实体肿瘤",
            "血液肿瘤",
            "肺部肿瘤"
        ]
    },
    "death_label": [
        "28天death",
        "ICUdeath"
    ],
    "fill_default": {
        "是否存在急性肾衰" : [0],
        "基础疾病1" : ["","无"],
        "基础疾病2" : ["", "无"],
        "慢性功能不全" : ["", "无"],
        "肿瘤" : ["", "无"]
    },
    "high_correlation":[
        "GCS评分", "SOFA_肌酐", "GCS分值", "ca", "abcircu",
        "wbcearly", "abcns", "neuearly", "SOFA_总胆红素", "SOFA_游离胆红素", "SOFA_血小板", "身高",
        "体重"
    ]
}